Comparison,Df,Sum Sq,R2,Pseudo-F,P
All fish types,3,92207.4351754642,0.30193564122725375,19.463970169045226,0.001
Wild vs F2,1,62183.62972909631,0.20362191053643838,35.028841341281606,0.001
SC wild vs NBH wild,1,27071.569583866396,0.1339477978761102,12.063855052517964,0.001
SC F2 vs NBH F2,1,2878.306742811948,0.07282711314911833,4.477207550362048,0.001
