Term,Df,Sum Sq,R2,Pseudo-F,P
Fish type,3,48142.514551875676,0.15764391422288357,10.081092444086686,0.001
Weight,1,879.7468106069427,0.002880753779483937,0.5526596818429049,0.923
Length,1,1375.2825509950635,0.004503398431082727,0.8639567747368793,0.564
Sex,1,569.0111590187007,0.0018632418181553582,0.3574545793367335,1
Residual,132,210123.124257734,0.688053627548625,NA,NA
Total,138,305387.71375474584,1,NA,NA
